{
    "_id": {
        "$oid": "5673b98c3d2cd041ac6b930d"
    },
    "approved": "1",
    "child": true,
    "cid": "C5195",
    "create_date": "2015-04-14 11:10:04",
    "external_reference": [],
    "formated_name": "Vegetables",
    "heading": "0",
    "id": "C5195",
    "name": "Vegetables",
    "preferred": "1",
    "termsrelation": [
        {
            "terms": [
                {
                    "objid": "568e2fa7a842a36b22b674ea",
                    "nodeid": "A230267",
                    "name": "Crop commodities",
                    "formated_name": "Crop commodities",
                    "dis_name": "Crop commodities",
                    "dis_formated_name": "Crop commodities"
                },
                {
                    "objid": "5673b9df3d2cd041ac6baaf9",
                    "nodeid": "C17086",
                    "name": "Commodity",
                    "formated_name": "Commodity",
                    "dis_name": "Commodity",
                    "dis_formated_name": "Commodity"
                },
                {
                    "objid": "5673b9593d2cd041ac6b8ef9",
                    "nodeid": "C4070",
                    "name": "Untreated fresh vegetables (including mushrooms and fungi, roots and tubers, pulses and legumes [(including soybeans)], and aloe vera), seaweeds, and nuts and seeds",
                    "formated_name": "Untreated fresh vegetables (including mushrooms and fungi, roots and tubers, pulses and legumes [(including soybeans)], and aloe vera), seaweeds, and nuts and seeds",
                    "dis_name": "Untreated fresh vegetables (including mushrooms and fungi, roots and tubers, pulses and legumes [(including soybeans)], and aloe vera), seaweeds, and nuts and seeds",
                    "dis_formated_name": "Untreated fresh vegetables (including mushrooms and fungi, roots and tubers, pulses and legumes [(including soybeans)], and aloe vera), seaweeds, and nuts and seeds"
                }
            ],
            "rel": "BT"
        },
        {
        
            "terms": [
                {
                    "objid": "5673b9ab3d2cd041ac6b9a23",
                    "nodeid": "C16626",
                    "name": "Vegetable juice beverages",
                    "formated_name": "Vegetable juice beverages",
                    "dis_name": "Vegetable juice beverages",
                    "dis_formated_name": "Vegetable juice beverages"
                },
                {
                    "objid": "5673b9ac3d2cd041ac6b9aaa",
                    "nodeid": "C17983",
                    "name": "Vegetable broth",
                    "formated_name": "Vegetable broth",
                    "dis_name": "Vegetable broth",
                    "dis_formated_name": "Vegetable broth"
                },
                {
                    "objid": "5673b9ac3d2cd041ac6b9ab2",
                    "nodeid": "C18404",
                    "name": "Vegetable soups",
                    "formated_name": "Vegetable soups",
                    "dis_name": "Vegetable soups",
                    "dis_formated_name": "Vegetable soups"
                },
                {
                    "objid": "5673b9ae3d2cd041ac6b9b2d",
                    "nodeid": "C18524",
                    "name": "Vegetable salads",
                    "formated_name": "Vegetable salads",
                    "dis_name": "Vegetable salads",
                    "dis_formated_name": "Vegetable salads"
                },
                {
                    "objid": "5673b9bf3d2cd041ac6b9fea",
                    "nodeid": "C190591",
                    "name": "Vegetable stew",
                    "formated_name": "Vegetable stew",
                    "dis_name": "Vegetable stew",
                    "dis_formated_name": "Vegetable stew"
                },
                {
                    "objid": "5673b9bf3d2cd041ac6b9fef",
                    "nodeid": "C190597",
                    "name": "Vegetable noodle products",
                    "formated_name": "Vegetable noodle products",
                    "dis_name": "Vegetable noodle products",
                    "dis_formated_name": "Vegetable noodle products"
                },
                {
                    "objid": "5673b9bf3d2cd041ac6b9ff5",
                    "nodeid": "C190603",
                    "name": "Vegetable macaroni products",
                    "formated_name": "Vegetable macaroni products",
                    "dis_name": "Vegetable macaroni products",
                    "dis_formated_name": "Vegetable macaroni products"
                },
                {
                    "objid": "5673b9c33d2cd041ac6ba121",
                    "nodeid": "C190915",
                    "name": "Vegetable wine",
                    "formated_name": "Vegetable wine",
                    "dis_name": "Vegetable wine",
                    "dis_formated_name": "Vegetable wine"
                },
                {
                    "objid": "5673b9c43d2cd041ac6ba145",
                    "nodeid": "C190951",
                    "name": "Vegetable based infant foods",
                    "formated_name": "Vegetable based infant foods",
                    "dis_name": "Vegetable based infant foods",
                    "dis_formated_name": "Vegetable based infant foods"
                },
                {
                    "objid": "5673b9c43d2cd041ac6ba16b",
                    "nodeid": "C190990",
                    "name": "Vegetables in vinegar",
                    "formated_name": "Vegetables in vinegar",
                    "dis_name": "Vegetables in vinegar",
                    "dis_formated_name": "Vegetables in vinegar"
                },
                {
                    "objid": "5673b9c43d2cd041ac6ba16c",
                    "nodeid": "C190991",
                    "name": "Vegetables in oil",
                    "formated_name": "Vegetables in oil",
                    "dis_name": "Vegetables in oil",
                    "dis_formated_name": "Vegetables in oil"
                },
                {
                    "objid": "5673b9c43d2cd041ac6ba16d",
                    "nodeid": "C190992",
                    "name": "Vegetables in brine",
                    "formated_name": "Vegetables in brine",
                    "dis_name": "Vegetables in brine",
                    "dis_formated_name": "Vegetables in brine"
                },
                {
                    "objid": "5673b9c43d2cd041ac6ba16e",
                    "nodeid": "C190993",
                    "name": "Vegetables in alcohol",
                    "formated_name": "Vegetables in alcohol",
                    "dis_name": "Vegetables in alcohol",
                    "dis_formated_name": "Vegetables in alcohol"
                },
                {
                    "objid": "5673b9c63d2cd041ac6ba236",
                    "nodeid": "C191196",
                    "name": "Vegetable fat toppings",
                    "formated_name": "Vegetable fat toppings",
                    "dis_name": "Vegetable fat toppings",
                    "dis_formated_name": "Vegetable fat toppings"
                },
                {
                    "objid": "5673b9c83d2cd041ac6ba2c8",
                    "nodeid": "C191348",
                    "name": "Vegetable chutneys",
                    "formated_name": "Vegetable chutneys",
                    "dis_name": "Vegetable chutneys",
                    "dis_formated_name": "Vegetable chutneys"
                },
                {
                    "objid": "5673b9c83d2cd041ac6ba2c9",
                    "nodeid": "C191349",
                    "name": "Vegetable jams",
                    "formated_name": "Vegetable jams",
                    "dis_name": "Vegetable jams",
                    "dis_formated_name": "Vegetable jams"
                },
                {
                    "objid": "5673b9c83d2cd041ac6ba2ca",
                    "nodeid": "C191350",
                    "name": "Vegetable spreads",
                    "formated_name": "Vegetable spreads",
                    "dis_name": "Vegetable spreads",
                    "dis_formated_name": "Vegetable spreads"
                },
                {
                    "objid": "5673b9c83d2cd041ac6ba30f",
                    "nodeid": "C191420",
                    "name": "Vegetable oil topping mix",
                    "formated_name": "Vegetable oil topping mix",
                    "dis_name": "Vegetable oil topping mix",
                    "dis_formated_name": "Vegetable oil topping mix"
                },
                {
                    "objid": "5673b9ca3d2cd041ac6ba37c",
                    "nodeid": "C191530",
                    "name": "Vegetable cream",
                    "formated_name": "Vegetable cream",
                    "dis_name": "Vegetable cream",
                    "dis_formated_name": "Vegetable cream"
                },
                {
                    "objid": "5673b9cc3d2cd041ac6ba449",
                    "nodeid": "C191737",
                    "name": "Vegetable protein drinks",
                    "formated_name": "Vegetable protein drinks",
                    "dis_name": "Vegetable protein drinks",
                    "dis_formated_name": "Vegetable protein drinks"
                },
                {
                    "objid": "5673b9cc3d2cd041ac6ba452",
                    "nodeid": "C191747",
                    "name": "Vegetable oil creaming agent",
                    "formated_name": "Vegetable oil creaming agent",
                    "dis_name": "Vegetable oil creaming agent",
                    "dis_formated_name": "Vegetable oil creaming agent"
                },
                {
                    "objid": "5673b9cc3d2cd041ac6ba470",
                    "nodeid": "C191779",
                    "name": "Vegetable stew with poultry meat",
                    "formated_name": "Vegetable stew with poultry meat",
                    "dis_name": "Vegetable stew with poultry meat",
                    "dis_formated_name": "Vegetable stew with poultry meat"
                },
                {
                    "objid": "5673b9cd3d2cd041ac6ba4c0",
                    "nodeid": "C191860",
                    "name": "Vegetable stock",
                    "formated_name": "Vegetable stock",
                    "dis_name": "Vegetable stock",
                    "dis_formated_name": "Vegetable stock"
                },
                {
                    "objid": "5673b9d23d2cd041ac6ba629",
                    "nodeid": "C192229",
                    "name": "Vegetable protein analogues",
                    "formated_name": "Vegetable protein analogues",
                    "dis_name": "Vegetable protein analogues",
                    "dis_formated_name": "Vegetable protein analogues"
                },
                {
                    "objid": "5673b9d23d2cd041ac6ba62f",
                    "nodeid": "C192235",
                    "name": "Vegetables boiled down in soy sauce",
                    "formated_name": "Vegetables boiled down in soy sauce",
                    "dis_name": "Vegetables boiled down in soy sauce",
                    "dis_formated_name": "Vegetables boiled down in soy sauce"
                },
                {
                    "objid": "5673b9b63d2cd041ac6b9d52",
                    "nodeid": "C195441",
                    "name": "Vegetable pulps",
                    "formated_name": "Vegetable pulps",
                    "dis_name": "Vegetable pulps",
                    "dis_formated_name": "Vegetable pulps"
                },
                {
                    "objid": "5673b9b73d2cd041ac6b9d53",
                    "nodeid": "C195442",
                    "name": "Vegetable puree",
                    "formated_name": "Vegetable puree",
                    "dis_name": "Vegetable puree",
                    "dis_formated_name": "Vegetable puree"
                },
                {
                    "objid": "5673b9b83d2cd041ac6b9da3",
                    "nodeid": "C195532",
                    "name": "Vegetable fats",
                    "formated_name": "Vegetable fats",
                    "dis_name": "Vegetable fats",
                    "dis_formated_name": "Vegetable fats"
                },
                {
                    "objid": "5673b9b83d2cd041ac6b9dc3",
                    "nodeid": "C195565",
                    "name": "Vegetable pickle",
                    "formated_name": "Vegetable pickle",
                    "dis_name": "Vegetable pickle",
                    "dis_formated_name": "Vegetable pickle"
                },
                {
                    "objid": "5673b94f3d2cd041ac6b8edc",
                    "nodeid": "C4041",
                    "name": "Vegetable oils and fats",
                    "formated_name": "Vegetable oils and fats",
                    "dis_name": "Vegetable oils and fats",
                    "dis_formated_name": "Vegetable oils and fats"
                },
                {
                    "objid": "5673b9733d2cd041ac6b8f9e",
                    "nodeid": "C4237",
                    "name": "Vegetable juice",
                    "formated_name": "Vegetable juice",
                    "dis_name": "Vegetable juice",
                    "dis_formated_name": "Vegetable juice"
                },
                {
                    "objid": "5673b9743d2cd041ac6b8fa3",
                    "nodeid": "C4242",
                    "name": "Vegetable nectar",
                    "formated_name": "Vegetable nectar",
                    "dis_name": "Vegetable nectar",
                    "dis_formated_name": "Vegetable nectar"
                },
                {
                    "objid": "5673b98f3d2cd041ac6b93a2",
                    "nodeid": "C5356",
                    "name": "Vegetable spaghetti",
                    "formated_name": "Vegetable spaghetti",
                    "dis_name": "Vegetable spaghetti",
                    "dis_formated_name": "Vegetable spaghetti"
                },
                {
                    "objid": "5673b98f3d2cd041ac6b93a3",
                    "nodeid": "C5357",
                    "name": "Vegetable sponge",
                    "formated_name": "Vegetable sponge",
                    "dis_name": "Vegetable sponge",
                    "dis_formated_name": "Vegetable sponge"
                },
                {
                    "objid": "5673b9993d2cd041ac6b9572",
                    "nodeid": "C5846",
                    "name": "Vegetable oils, edible (or refined)",
                    "formated_name": "Vegetable oils, edible (or refined)",
                    "dis_name": "Vegetable oils, edible (or refined)",
                    "dis_formated_name": "Vegetable oils, edible (or refined)"
                },
                {
                    "objid": "5673b9993d2cd041ac6b9573",
                    "nodeid": "C5847",
                    "name": "Vegetable oils, edible",
                    "formated_name": "Vegetable oils, edible",
                    "dis_name": "Vegetable oils, edible",
                    "dis_formated_name": "Vegetable oils, edible"
                }
            ],
			"rel": "RT"
          
        },
        {
            "terms": [
                {
                    "objid": "568e2a46a842a36a123eaa6f",
                    "nodeid": "A228126",
                    "name": "Vegetables without sauce, including cream style corn and stewed tomatoes",
                    "formated_name": "Vegetables without sauce, including cream style corn and stewed tomatoes",
                    "dis_name": "Vegetables without sauce, including cream style corn and stewed tomatoes",
                    "dis_formated_name": "Vegetables without sauce, including cream style corn and stewed tomatoes"
                },
                {
                    "objid": "568e2a46a842a36a123eaa70",
                    "nodeid": "A228128",
                    "name": "Vegetables with sauce",
                    "formated_name": "Vegetables with sauce",
                    "dis_name": "Vegetables with sauce",
                    "dis_formated_name": "Vegetables with sauce"
                },
                {
                    "objid": "568e2a46a842a36a123eaa71",
                    "nodeid": "A228130",
                    "name": "Vegetables primarily used for garnish or flavouring, fresh, canned or frozen, but not dried",
                    "formated_name": "Vegetables primarily used for garnish or flavouring, fresh, canned or frozen, but not dried",
                    "dis_name": "Vegetables primarily used for garnish or flavouring, fresh, canned or frozen, but not dried",
                    "dis_formated_name": "Vegetables primarily used for garnish or flavouring, fresh, canned or frozen, but not dried"
                },
                {
                    "objid": "568e2a46a842a36a123eaa72",
                    "nodeid": "A228136",
                    "name": "Seaweed",
                    "formated_name": "Seaweed",
                    "dis_name": "Seaweed",
                    "dis_formated_name": "Seaweed"
                },
                {
                    "objid": "568e2a47a842a36a123eaa73",
                    "nodeid": "A228138",
                    "name": "Lettuce and sprouts",
                    "formated_name": "Lettuce and sprouts",
                    "dis_name": "Lettuce and sprouts",
                    "dis_formated_name": "Lettuce and sprouts"
                },
                {
                    "objid": "568e2a47a842a36a123eaa74",
                    "nodeid": "A228140",
                    "name": "Vegetable juice and vegetable drink",
                    "formated_name": "Vegetable juice and vegetable drink",
                    "dis_name": "Vegetable juice and vegetable drink",
                    "dis_formated_name": "Vegetable juice and vegetable drink"
                },
                {
                    "objid": "568e2a47a842a36a123eaa76",
                    "nodeid": "A228148",
                    "name": "Vegetable pastes",
                    "formated_name": "Vegetable pastes",
                    "dis_name": "Vegetable pastes",
                    "dis_formated_name": "Vegetable pastes"
                },
                {
                    "objid": "568e2a48a842a36a123eaa77",
                    "nodeid": "A228150",
                    "name": "Vegetable sauce or pur?",
                    "formated_name": "Vegetable sauce or pur?",
                    "dis_name": "Vegetable sauce or pur�e",
                    "dis_formated_name": "Vegetable sauce or pur�e"
                },
                {
                    "objid": "568e2fb7a842a36b22b67504",
                    "nodeid": "A230502",
                    "name": "Brassica (cole or cabbage) vegetables",
                    "formated_name": "Brassica (cole or cabbage) vegetables",
                    "dis_name": "Brassica (cole or cabbage) vegetables",
                    "dis_formated_name": "Brassica (cole or cabbage) vegetables"
                },
                {
                    "objid": "5673b9da3d2cd041ac6ba91f",
                    "nodeid": "C192997",
                    "name": "Pickles",
                    "formated_name": "Pickles",
                    "dis_name": "Pickles",
                    "dis_formated_name": "Pickles"
                },
                {
                    "objid": "5673b9b83d2cd041ac6b9da6",
                    "nodeid": "C195536",
                    "name": "Relish",
                    "formated_name": "Relish",
                    "dis_name": "Relish",
                    "dis_formated_name": "Relish"
                },
                {
                    "objid": "5673b98e3d2cd041ac6b934f",
                    "nodeid": "C5266",
                    "name": "Brassica (cole or cabbage) vegetables, head cabbage, flowerhead brassicas",
                    "formated_name": "Brassica (cole or cabbage) vegetables, head cabbage, flowerhead brassicas",
                    "dis_name": "Brassica (cole or cabbage) vegetables, head cabbage, flowerhead brassicas",
                    "dis_formated_name": "Brassica (cole or cabbage) vegetables, head cabbage, flowerhead brassicas"
                },
                {
                    "objid": "5673b98e3d2cd041ac6b9362",
                    "nodeid": "C5286",
                    "name": "Bulb vegetables",
                    "formated_name": "Bulb vegetables",
                    "dis_name": "Bulb vegetables",
                    "dis_formated_name": "Bulb vegetables"
                },
                {
                    "objid": "5673b98f3d2cd041ac6b9378",
                    "nodeid": "C5311",
                    "name": "Fruiting vegetables, cucurbits",
                    "formated_name": "Fruiting vegetables, cucurbits",
                    "dis_name": "Fruiting vegetables, cucurbits",
                    "dis_formated_name": "Fruiting vegetables, cucurbits"
                },
                {
                    "objid": "5673b98f3d2cd041ac6b93a9",
                    "nodeid": "C5363",
                    "name": "Fruiting vegetables, other than cucurbits",
                    "formated_name": "Fruiting vegetables, other than cucurbits",
                    "dis_name": "Fruiting vegetables, other than cucurbits",
                    "dis_formated_name": "Fruiting vegetables, other than cucurbits"
                },
                {
                    "objid": "5673b9913d2cd041ac6b93cb",
                    "nodeid": "C5403",
                    "name": "Leafy vegetables (including Brassica leafy vegetables)",
                    "formated_name": "Leafy vegetables (including Brassica leafy vegetables)",
                    "dis_name": "Leafy vegetables (including Brassica leafy vegetables)",
                    "dis_formated_name": "Leafy vegetables (including Brassica leafy vegetables)"
                },
                {
                    "objid": "5673b9923d2cd041ac6b942e",
                    "nodeid": "C5504",
                    "name": "Legume vegetables",
                    "formated_name": "Legume vegetables",
                    "dis_name": "Legume vegetables",
                    "dis_formated_name": "Legume vegetables"
                },
                {
                    "objid": "5673b9943d2cd041ac6b947d",
                    "nodeid": "C5586",
                    "name": "Pulses",
                    "formated_name": "Pulses",
                    "dis_name": "Pulses",
                    "dis_formated_name": "Pulses"
                },
                {
                    "objid": "5673b9943d2cd041ac6b94aa",
                    "nodeid": "C5633",
                    "name": "Stalk and Stem Vegetables",
                    "formated_name": "Stalk and Stem Vegetables",
                    "dis_name": "Stalk and Stem Vegetables",
                    "dis_formated_name": "Stalk and Stem Vegetables"
                },
                {
                    "objid": "5673b9973d2cd041ac6b9509",
                    "nodeid": "C5737",
                    "name": "Root and Tuber Vegetables",
                    "formated_name": "Root and Tuber Vegetables",
                    "dis_name": "Root and Tuber Vegetables",
                    "dis_formated_name": "Root and Tuber Vegetables"
                },
                {
                    "objid": "5673b9b63d2cd041ac6b9d1d",
                    "scopeNote": null,
                    "nodeid": "C195366",
                    "name": "Scallion",
                    "formated_name": "Scallion",
                    "dis_name": "Scallion",
                    "dis_formated_name": "Scallion"
                },
                {
                    "objid": "56dd838163564628f7d7317e",
                    "scopeNote": [
                        {
                            "sourceType": "source",
                            "source": "HEALTHCANADA",
                            "comment": "Fresh Fruit and Vegetable Regulations"
                        }
                    ],
                    "nodeid": "E264506",
                    "name": "Miniature Vegetable",
                    "formated_name": "Miniature Vegetable",
                    "dis_name": "Miniature Vegetable",
                    "dis_formated_name": "Miniature Vegetable"
                },
                {
                    "objid": "5673b9b33d2cd041ac6b9c84",
                    "scopeNote": null,
                    "nodeid": "C195154",
                    "name": "Chilli",
                    "formated_name": "Chilli",
                    "dis_name": "Chilli",
                    "dis_formated_name": "Chilli"
                },
                {
                    "objid": "5673b9843d2cd041ac6b91b8",
                    "scopeNote": null,
                    "nodeid": "C4822",
                    "name": "Olive",
                    "formated_name": "Olive",
                    "dis_name": "Olive",
                    "dis_formated_name": "Olive"
                }
            ],
            "rel": "NT"
        },
        {
            "terms": [
                {
                    "objid": "567a4073a842a378cffcdf95",
                    "nodeid": "A215186",
                    "name": "Vegetable",
                    "formated_name": "Vegetable",
                    "dis_name": "Vegetable",
                    "dis_formated_name": "Vegetable"
                }
            ],
            "rel": "UF"
        }
    ],
    "update_date": "2016-04-01 06:34:15"
}